{"cameraMode":{"drawMode":0,"name":"Shaded","section":"Shading Mode"},"sceneLighting":true,"audioPlay":false,"sceneViewState":{"showFog":true,"showMaterialUpdate":false,"showSkybox":true,"showFlares":true,"showImageEffects":true,"showParticleSystems":true},"in2DMode":false,"pivot":{"x":1.8980426788330079,"y":-0.2037353515625,"z":1.1611328125},"rotation":{"x":0.15388530492782594,"y":0.002964192070066929,"z":-0.00046181026846170425,"w":0.9880841970443726},"size":2.0288398265838625,"orthographic":true}