{"cameraMode":{"drawMode":0,"name":"Shaded","section":"Shading Mode"},"sceneLighting":true,"audioPlay":false,"sceneViewState":{"showFog":true,"showMaterialUpdate":false,"showSkybox":true,"showFlares":true,"showImageEffects":true,"showParticleSystems":true},"in2DMode":false,"pivot":{"x":3.3057098388671877,"y":3.9111328125,"z":2.3125},"rotation":{"x":0.4349258244037628,"y":-0.012155774980783463,"z":0.005871731322258711,"w":0.9003651142120361},"size":18.76622200012207,"orthographic":true}